"roi","i2c2_m","i2c2_r","i2c2_diff","discr_m","discr_r","discr_diff","finger_m","finger_r","finger_diff"
1,0.35143766808824,0.369187040644428,-0.0177493725561877,0.812011552837241,0.82731694828469,-0.0153053954474494,0.100917431192661,0.247706422018349,-0.146788990825688
2,0.286900505939361,0.325359265197098,-0.038458759257737,0.901796381635091,0.813353387950162,0.0884429936849292,0.36697247706422,0.229357798165138,0.137614678899083
3,0.354525304147029,0.342237165655454,0.0122881384915757,0.862849889059566,0.828917050691244,0.0339328383683223,0.339449541284404,0.348623853211009,-0.00917431192660551
4,0.335646797911533,0.379839046325916,-0.0441922484143824,0.859671018945212,0.817438982761563,0.042232036183649,0.256880733944954,0.284403669724771,-0.0275229357798165
5,0.349957854455095,0.347003007527435,0.00295484692766018,0.894393241167435,0.806163594470046,0.0882296466973886,0.403669724770642,0.339449541284404,0.0642201834862385
6,0.388823043671242,0.392502471876036,-0.00367942820479383,0.935163948352022,0.821129885646015,0.114034062706007,0.642201834862385,0.339449541284404,0.302752293577982
7,0.495969810410791,0.388735637639722,0.107234172771069,0.909860261637785,0.731683231396534,0.17817703024125,0.330275229357798,0.110091743119266,0.220183486238532
8,0.236147537341696,0.384388146393257,-0.148240609051561,0.748122546509643,0.74864084267754,-0.00051829616789667,0.073394495412844,0.128440366972477,-0.055045871559633
9,0.277211487223886,0.363850580610656,-0.0866390933867699,0.759163253114866,0.789245178358082,-0.0300819252432156,0.073394495412844,0.165137614678899,-0.0917431192660551
10,0.510817379179507,0.455913849858317,0.0549035293211902,0.946716785592932,0.898817108392796,0.0478996772001359,0.577981651376147,0.467889908256881,0.110091743119266
11,0.596910575158116,0.463026445975197,0.133884129182919,0.97251953788651,0.90767286782195,0.06484667006456,0.614678899082569,0.431192660550459,0.18348623853211
12,0.540815880598165,0.402197214013899,0.138618666584266,0.965256540944614,0.908182551817873,0.0570739891267414,0.688073394495413,0.504587155963303,0.18348623853211
13,0.335176064219144,0.280238225168322,0.0549378390508221,0.888707543949479,0.79481353473289,0.0938940092165899,0.348623853211009,0.293577981651376,0.055045871559633
14,0.319320551090635,0.294292693733623,0.0250278573570117,0.842231566428814,0.82936204553177,0.0128695208970439,0.275229357798165,0.293577981651376,-0.018348623853211
15,0.427463449382215,0.35485570148203,0.072607747900185,0.956241505266735,0.91001953788651,0.0462219673802242,0.605504587155963,0.495412844036697,0.110091743119266
16,0.376998344581397,0.283290442421048,0.0937079021603485,0.898615358477744,0.822815326847585,0.0758000316301588,0.403669724770642,0.275229357798165,0.128440366972477
17,0.427336594675339,0.412165162733607,0.0151714319417327,0.934038396194359,0.900782983444274,0.0332554127500857,0.596330275229358,0.44954128440367,0.146788990825688
18,0.47699150468508,0.400718803240108,0.0762727014449722,0.949307679238872,0.804904847243557,0.144402831995315,0.642201834862385,0.174311926605505,0.467889908256881
19,0.358973429847049,0.325521462835302,0.0334519670117474,0.925617991845056,0.812181447502548,0.113436544342508,0.651376146788991,0.376146788990826,0.275229357798165
20,0.466373666590635,0.410116518761318,0.0562571478293171,0.935185185185185,0.819635575942915,0.11554960924227,0.577981651376147,0.302752293577982,0.275229357798165
21,0.480568296542442,0.396687780726205,0.0838805158162368,0.941970353380904,0.822537975763782,0.119432377617122,0.541284403669725,0.293577981651376,0.247706422018349
22,0.41956003819912,0.352717300614493,0.0668427375846266,0.930491845056065,0.777063065369517,0.153428779686548,0.458715596330275,0.165137614678899,0.293577981651376
23,0.23759127084208,0.314249631868811,-0.076658361026731,0.877122802526028,0.769115890083632,0.108006912442396,0.284403669724771,0.256880733944954,0.0275229357798165
24,0.251549538861996,0.350656418693505,-0.0991068798315087,0.644883939238778,0.684886499402628,-0.0400025601638505,0.0275229357798165,0.036697247706422,-0.00917431192660551
25,0.575725103660804,0.429744566766822,0.145980536893982,0.969440197077812,0.888124362895005,0.0813158341828066,0.73394495412844,0.467889908256881,0.26605504587156
26,0.298534275474162,0.269943564837654,0.028590710636508,0.913509131251067,0.886372324159021,0.0271368070920452,0.541284403669725,0.385321100917431,0.155963302752294
27,0.30593912245942,0.399017709884945,-0.0930785874255248,0.931910308926438,0.871134896364254,0.0607754125621839,0.467889908256881,0.412844036697248,0.055045871559633
28,0.404940883590993,0.348493717462772,0.0564471661282213,0.968958013312852,0.854676350662589,0.114281662650263,0.688073394495413,0.440366972477064,0.247706422018349
29,0.379140591092965,0.36268617247617,0.0164544186167951,0.93681728963987,0.890332993544003,0.0464842960958676,0.504587155963303,0.55045871559633,-0.0458715596330276
30,0.297732589715633,0.308635202813683,-0.0109026130980501,0.918535507985049,0.883213859020311,0.0353216489647386,0.532110091743119,0.495412844036697,0.036697247706422
31,0.290796394378661,0.327625401905486,-0.0368290075268257,0.868236900494965,0.844833078491335,0.0234038220036297,0.321100917431193,0.376146788990826,-0.055045871559633
32,0.364752328024001,0.31471541300188,0.0500369150221207,0.904868578255675,0.869676992660864,0.0351915855948114,0.348623853211009,0.385321100917431,-0.036697247706422
33,0.360366383824007,0.325936562575908,0.0344298212480995,0.884726469588855,0.876486578321441,0.0082398912674142,0.339449541284404,0.467889908256881,-0.128440366972477
34,0.301604333395582,0.294023584637612,0.00758074875797016,0.890051629970985,0.864753227998641,0.025298401972344,0.348623853211009,0.431192660550459,-0.0825688073394495
35,0.284526655716219,0.308854095023275,-0.0243274393070563,0.903521066938498,0.876157407407407,0.0273636595310907,0.412844036697248,0.458715596330275,-0.0458715596330275
36,0.24965328057626,0.404985925937135,-0.155332645360875,0.639294248165216,0.689581209650017,-0.0502869614848011,0.036697247706422,0.036697247706422,0
37,0.313952208678803,0.404522137020968,-0.0905699283421645,0.847680918245434,0.813854753370882,0.0338261648745519,0.18348623853211,0.275229357798165,-0.0917431192660551
38,0.32590416121364,0.439843954362863,-0.113939793149223,0.921701655572623,0.877782025144411,0.0439196304282128,0.467889908256881,0.44954128440367,0.018348623853211
39,0.298742440075464,0.307720193477683,-0.00897775340221874,0.78476489161973,0.736036439665472,0.0487284519542583,0.0825688073394495,0.165137614678899,-0.0825688073394495
40,0.283918532507236,0.354237610701857,-0.0703190781946212,0.750096006144393,0.739264780835882,0.0108312253085114,0.073394495412844,0.100917431192661,-0.0275229357798165
41,0.246359262999456,0.38706134201406,-0.140702079014604,0.746927803379416,0.744591653865847,0.00233614951356897,0.0917431192660551,0.0825688073394495,0.00917431192660551
42,0.383223615291249,0.258608435633439,0.12461517965781,0.885788311247027,0.824308755760369,0.0614795554866582,0.284403669724771,0.348623853211009,-0.0642201834862385
43,0.238752899316522,0.354397609526175,-0.115644710209654,0.876045400238949,0.83269622833843,0.0433491719005185,0.357798165137615,0.36697247706422,-0.00917431192660551
44,0.306214792337272,0.300389614939092,0.00582517739817989,0.908278117567108,0.891491722136883,0.016786395430225,0.403669724770642,0.477064220183486,-0.073394495412844
45,0.266351970631226,0.299789786239868,-0.033437815608642,0.926405956647892,0.886945718654434,0.0394602379934579,0.513761467889908,0.504587155963303,0.00917431192660556
46,0.406370044998041,0.293855166389538,0.112514878608503,0.932679238871899,0.880033129459735,0.0526461094121644,0.44954128440367,0.431192660550459,0.018348623853211
47,0.328896833539207,0.278634531798616,0.0502623017405907,0.882613404689093,0.834570745861068,0.0480426588280244,0.238532110091743,0.36697247706422,-0.128440366972477
48,0.468554256812725,0.403556838995002,0.0649974178177228,0.942777353041115,0.877634835296126,0.0651425177449889,0.504587155963303,0.458715596330275,0.0458715596330275
49,0.320005118779591,0.287815423966785,0.0321896948128055,0.901935057176993,0.843051288615805,0.0588837685611879,0.36697247706422,0.302752293577982,0.0642201834862385
50,0.398116523165501,0.383472555763165,0.0146439674023358,0.952556914712878,0.892355777436423,0.0602011372764555,0.642201834862385,0.486238532110092,0.155963302752294
51,0.311212785200854,0.345635249796055,-0.0344224645952013,0.745722392899812,0.734730716955488,0.0109916759443246,0.055045871559633,0.100917431192661,-0.0458715596330275
52,0.329751226338038,0.36262059290376,-0.0328693665657221,0.808507475365274,0.771324031404677,0.037183443960597,0.229357798165138,0.201834862385321,0.0275229357798165
53,0.242514571956929,0.35349490203242,-0.11098033007549,0.720632787165045,0.740751359157322,-0.0201185719922773,0.0642201834862385,0.0825688073394495,-0.018348623853211
54,0.296065504196811,0.351051418473907,-0.0549859142770957,0.765853295956507,0.744612988564601,0.0212403073919055,0.073394495412844,0.073394495412844,0
55,0.248702240990455,0.386740726628609,-0.138038485638153,0.753733572281959,0.754917648062809,-0.00118407578085,0.110091743119266,0.100917431192661,0.00917431192660551
56,0.344937821265141,0.379290350642007,-0.0343525293768657,0.878072196620584,0.818964413722478,0.0591077828981055,0.256880733944954,0.256880733944954,0
57,0.327440524312942,0.38274761076508,-0.0553070864521372,0.88813150708312,0.842059225123741,0.0460722819593787,0.302752293577982,0.321100917431193,-0.018348623853211
58,0.390962438088103,0.342128834094106,0.0488336039939968,0.814315749235474,0.785372930534221,0.0289428187012531,0.146788990825688,0.18348623853211,-0.036697247706422
59,0.395310853568329,0.383703994999799,0.0116068585685294,0.816609327217125,0.827418875297316,-0.0108095480801902,0.155963302752294,0.256880733944954,-0.100917431192661
60,0.295355685605967,0.369172880979136,-0.0738171953731687,0.852075866188769,0.852587898958867,-0.000512032770097259,0.256880733944954,0.376146788990826,-0.119266055045872
61,0.246617731250507,0.327555051790621,-0.0809373205401135,0.823320166496772,0.861610176690452,-0.0382900101936799,0.18348623853211,0.311926605504587,-0.128440366972477
62,0.286097410978366,0.304612578351077,-0.0185151673727115,0.914127837514934,0.919280167264038,-0.00515232974910396,0.412844036697248,0.559633027522936,-0.146788990825688
63,0.31739154935064,0.383235970041838,-0.0658444206911978,0.935121474685695,0.921636085626911,0.0134853890587835,0.623853211009174,0.596330275229358,0.0275229357798166
64,0.348468781247108,0.361829377508411,-0.0133605962613022,0.909201919809718,0.89223369011213,0.0169682296975875,0.412844036697248,0.403669724770642,0.00917431192660551
65,0.250169514428827,0.258159423328101,-0.00798990889927442,0.770779996586448,0.743716931216931,0.0270630653695171,0.0825688073394495,0.128440366972477,-0.0458715596330275
66,0.224484616176958,0.303007534475801,-0.0785229182988428,0.876845451442226,0.862820676180768,0.0140247752614576,0.26605504587156,0.339449541284404,-0.073394495412844
67,0.445738809738652,0.309849607302152,0.135889202436501,0.962920489296636,0.933252633367312,0.0296678559293239,0.752293577981651,0.669724770642202,0.0825688073394496
68,0.44044654792081,0.367086150684023,0.073360397236787,0.963769962623174,0.92811331974176,0.0356566428814135,0.678899082568807,0.678899082568807,0
69,0.335826453126908,0.341683129615534,-0.00585667648862587,0.946079680598029,0.944964746856949,0.00111493374108063,0.761467889908257,0.688073394495413,0.073394495412844
70,0.381201708428252,0.257492217961506,0.123709490466746,0.938094631328576,0.904264356099219,0.0338302752293578,0.642201834862385,0.541284403669725,0.100917431192661
71,0.329813933285868,0.328835936875873,0.000977996409995463,0.940112130479103,0.935718552654036,0.00439357782506644,0.63302752293578,0.623853211009174,0.00917431192660545
72,0.389834767498437,0.274370287515858,0.115464479982579,0.941201570233828,0.913221112817887,0.0279804574159414,0.532110091743119,0.44954128440367,0.0825688073394495
73,0.449861629099693,0.451540950050212,-0.00167932095051931,0.968357118586476,0.943446313285763,0.0249108053007135,0.807339449541284,0.660550458715596,0.146788990825688
74,0.530827069571674,0.393475413590523,0.13735165598115,0.948659955827387,0.925989636425416,0.0226703194019708,0.724770642201835,0.55045871559633,0.174311926605505
75,0.451081069416871,0.312578495842643,0.138502573574228,0.954850492694529,0.924699180747568,0.0301513119469615,0.761467889908257,0.596330275229358,0.165137614678899
76,0.386090585001565,0.217457306871506,0.168633278130059,0.939390078151546,0.8876301416624,0.0517599364891463,0.596330275229358,0.44954128440367,0.146788990825688
77,0.317855961522494,0.34001578609323,-0.0221598245707361,0.911325603126062,0.914010496671787,-0.00268489354572521,0.44954128440367,0.504587155963303,-0.055045871559633
78,0.536186120121692,0.402428736340495,0.133757383781198,0.952960414542983,0.929939687393816,0.0230207271491675,0.614678899082569,0.577981651376147,0.036697247706422
79,0.555014354758368,0.420585625241968,0.1344287295164,0.963430173292559,0.891915137614679,0.0715150356778798,0.678899082568807,0.477064220183486,0.201834862385321
80,0.576426826121728,0.475033231290253,0.101393594831476,0.956114084267754,0.897150016989467,0.0589640672782875,0.587155963302752,0.44954128440367,0.137614678899083
81,0.500226765983773,0.351450959269948,0.148775806713825,0.959756201155284,0.889228678219504,0.0705275229357798,0.706422018348624,0.486238532110092,0.220183486238532
82,0.457965615872815,0.417065405618246,0.0409002102545694,0.950358902480462,0.944306405028882,0.00605249745157999,0.660550458715596,0.605504587155963,0.055045871559633
83,0.356593290510358,0.38708321389665,-0.0304899233862911,0.953223672981737,0.937393815834183,0.0158298571475547,0.623853211009174,0.605504587155963,0.018348623853211
84,0.327740485830985,0.334165516119461,-0.00642503028847602,0.944656812776079,0.941980971797486,0.0026758409785933,0.651376146788991,0.743119266055046,-0.0917431192660551
85,0.343257912339637,0.416692636319644,-0.0734347239800079,0.924219150025602,0.945293917770982,-0.0210747677453804,0.568807339449541,0.568807339449541,0
86,0.280703360807088,0.333070670957423,-0.0523673101503348,0.940791709140333,0.931702344546381,0.00908936459395171,0.559633027522936,0.63302752293578,-0.073394495412844
87,0.327438393540373,0.279792806780814,0.0476455867595592,0.937339989759345,0.909201919809718,0.0281380699496266,0.623853211009174,0.614678899082569,0.00917431192660556
88,0.288767913458377,0.242543776411627,0.0462241370467492,0.689804147465438,0.650654975251749,0.0391491722136884,0.0458715596330275,0.0458715596330275,0
89,0.295664003259598,0.315619392073491,-0.0199553888138922,0.86962708120965,0.864912504247367,0.00471457696228339,0.229357798165138,0.26605504587156,-0.036697247706422
90,0.438676684372146,0.261311092513103,0.177365591859042,0.760183061501869,0.735543124142661,0.0246399373592077,0.0642201834862385,0.0825688073394495,-0.018348623853211
91,0.303950578325225,0.319399839926712,-0.0154492616014875,0.880461682881038,0.87524422358138,0.00521745929965822,0.26605504587156,0.321100917431193,-0.055045871559633
92,0.31184503836755,0.347312884919704,-0.0354678465521535,0.798131080389145,0.787837088240314,0.0102939921488309,0.155963302752294,0.100917431192661,0.055045871559633
93,0.226750227294377,0.295914317970939,-0.0691640906765611,0.516534391534392,0.507520481310804,0.00901391022358766,0,0,0
94,0.204436445966761,0.259946304004649,-0.0555098580378886,0.780145684675501,0.727833247994538,0.0523124366809629,0.100917431192661,0.055045871559633,0.0458715596330275
95,0.451718695479814,0.439159876563873,0.0125588189159412,0.954215736473801,0.889961348963643,0.0642543875101584,0.577981651376147,0.458715596330275,0.119266055045872
96,0.345326714452618,0.356621284172297,-0.0112945697196795,0.920404349303432,0.892159361196058,0.0282449881073734,0.422018348623853,0.477064220183486,-0.055045871559633
97,0.414523896178568,0.384064067863096,0.0304598283154721,0.948744903160041,0.915381838260279,0.0333630648997622,0.623853211009174,0.587155963302752,0.036697247706422
98,0.372351274008778,0.34506046954731,0.0272908044614675,0.9461832223929,0.910874295954941,0.0353089264379587,0.403669724770642,0.458715596330275,-0.055045871559633
99,0.267758483775699,0.356920307748608,-0.0891618239729086,0.813726745178358,0.826175541901348,-0.0124487967229903,0.165137614678899,0.220183486238532,-0.055045871559633
100,0.275111534096466,0.31724193435525,-0.0421304002587837,0.820137822153951,0.795112220515446,0.0250256016385049,0.110091743119266,0.165137614678899,-0.055045871559633
101,0.315435505627212,0.296486080719221,0.0189494249079905,0.788978494623656,0.75208013312852,0.0368983614951357,0.128440366972477,0.137614678899083,-0.00917431192660551
102,0.292878041182888,0.332338568075156,-0.0394605268922677,0.719843403311145,0.70131421744325,0.0185291858678955,0.036697247706422,0.073394495412844,-0.036697247706422
103,0.363991034367916,0.35751847060225,0.00647256376566585,0.726883853899983,0.711083503227999,0.0158003506719843,0.0458715596330275,0.0917431192660551,-0.0458715596330275
104,0.304223090515292,0.326036051737211,-0.0218129612219188,0.783836832223929,0.744828831124703,0.0390080010992263,0.0642201834862385,0.119266055045872,-0.055045871559633
105,0.355240835292781,0.281640330484263,0.0736005048085178,0.871633961943595,0.796487427794767,0.0751465341488278,0.201834862385321,0.192660550458716,0.00917431192660551
106,0.224481130454803,0.461465661289312,-0.23698453083451,0.766406383341867,0.777862725110432,-0.0114563417685644,0.073394495412844,0.18348623853211,-0.110091743119266
107,0.282356124790711,0.289571563478984,-0.00721543868827346,0.805224867724868,0.699383427206008,0.10584144051886,0.137614678899083,0.018348623853211,0.119266055045872
108,0.307051527825481,0.366392723982588,-0.0593411961571065,0.891893900781515,0.895417306707629,-0.00352340592611389,0.394495412844037,0.55045871559633,-0.155963302752294
109,0.287467425767046,0.298807988722946,-0.0113405629558991,0.841664533196791,0.83708163438668,0.00458289881011098,0.238532110091743,0.385321100917431,-0.146788990825688
110,0.302699895399924,0.3551208112061,-0.0524209158061764,0.581306536951698,0.59586746885134,-0.0145609318996416,0,0,0
111,0.225374576661329,0.276852859771289,-0.0514782831099597,0.848587642942482,0.854358678955453,-0.00577103601297146,0.275229357798165,0.293577981651376,-0.018348623853211
112,0.22017727370058,0.237347722173567,-0.0171704484729863,0.681046253626899,0.69234297661717,-0.0112967229902714,0.018348623853211,0.0458715596330275,-0.0275229357798165
113,0.24493371194499,0.324326812905195,-0.0793931009602046,0.81102790578597,0.808627752176139,0.00240015360983103,0.155963302752294,0.220183486238532,-0.0642201834862385
114,0.23419402096603,0.344968195229414,-0.110774174263384,0.759483273596177,0.765672782874618,-0.00618950927844086,0.119266055045872,0.137614678899083,-0.018348623853211
115,0.269643543473547,0.368570409751332,-0.098926866277785,0.790482590885817,0.780668629458952,0.00981396142686475,0.0917431192660551,0.137614678899083,-0.0458715596330275
116,0.306230541076312,0.366748566870717,-0.0605180257944056,0.869446568127761,0.84213389656938,0.0273126715583804,0.302752293577982,0.311926605504587,-0.00917431192660551
117,0.294485029539481,0.339522124417403,-0.0450370948779215,0.916026625704045,0.860728848114169,0.0552977775898759,0.394495412844037,0.458715596330275,-0.0642201834862385
118,0.214416699575097,0.388797271487129,-0.174380571912032,0.645886670080218,0.658766564729867,-0.012879894649649,0.00917431192660551,0.036697247706422,-0.0275229357798165
119,0.362720014911293,0.367857995691072,-0.00513798077977995,0.715245775729647,0.722254077471967,-0.0070083017423207,0.00917431192660551,0.0917431192660551,-0.0825688073394495
120,0.310971687653422,0.34997223942522,-0.0390005517717977,0.665048439643347,0.672517414203194,-0.00746897455984696,0,0.018348623853211,-0.018348623853211
121,0.301983627298245,0.378944944985541,-0.0769613176872953,0.811006571087216,0.783851512062521,0.0271550590246951,0.119266055045872,0.238532110091743,-0.119266055045872
122,0.324457202719438,0.434033455390267,-0.109576252670829,0.718648660180918,0.667855929323819,0.050792730857099,0.0458715596330275,0.018348623853211,0.0275229357798165
123,0.221597645044414,0.37447682825128,-0.152879183206867,0.857490231056745,0.736527137736815,0.12096309331993,0.275229357798165,0.055045871559633,0.220183486238532
124,0.277139300298826,0.277444714399404,-0.000305414100578771,0.764016897081413,0.693591056494282,0.0704258405871309,0.055045871559633,0.036697247706422,0.018348623853211
125,0.329444591104513,0.347151848950963,-0.0177072578464501,0.91765873015873,0.781639358252261,0.136019371906469,0.412844036697248,0.119266055045872,0.293577981651376
126,0.364879489529041,0.289582531252515,0.0752969582765263,0.843930513081889,0.805130818892287,0.0387996941896025,0.155963302752294,0.284403669724771,-0.128440366972477
127,0.426626228457831,0.402150818804395,0.0244754096534367,0.886775823989127,0.817076537546721,0.0696992864424056,0.321100917431193,0.201834862385321,0.119266055045872
128,0.359374136276591,0.317847207846819,0.041526928429772,0.943100358422939,0.799248216106014,0.143852142316925,0.596330275229358,0.211009174311927,0.385321100917431
129,0.332951916590082,0.335032968308789,-0.00208105171870632,0.936198583376003,0.833557347670251,0.102641235705752,0.504587155963303,0.256880733944954,0.247706422018349
130,0.37415223878712,0.331546740476091,0.0426054983110284,0.937415052667346,0.874882659156853,0.0625323935104936,0.495412844036697,0.403669724770642,0.0917431192660551
131,0.207437885622536,0.364571063215195,-0.15713317759266,0.836010838026967,0.761627410820959,0.0743834272060079,0.201834862385321,0.155963302752294,0.0458715596330275
132,0.289063723751521,0.303754401327882,-0.0146906775763611,0.855037376826368,0.830805171530978,0.0242322052953896,0.284403669724771,0.293577981651376,-0.00917431192660551
133,0.409858670547774,0.358896504676056,0.0509621658717178,0.913098878695209,0.884790180088345,0.0283086986068638,0.394495412844037,0.403669724770642,-0.00917431192660551
134,0.393655987632343,0.370690546351846,0.0229654412804969,0.660953958545702,0.642732755691471,0.0182212028542305,0.036697247706422,0.018348623853211,0.018348623853211
135,0.383755207737305,0.38889825755561,-0.00514304981830488,0.834904858987428,0.704330190282025,0.130574668705403,0.165137614678899,0.0458715596330275,0.119266055045872
136,0.464115819273459,0.370321847374824,0.0937939718986351,0.901535423037717,0.812841355180065,0.0886940678576518,0.238532110091743,0.238532110091743,0
137,0.54293271306412,0.466329495159594,0.0766032179045256,0.97381498470948,0.918673547400612,0.0551414373088686,0.669724770642202,0.55045871559633,0.119266055045872
138,0.41789253543891,0.34478831927051,0.0731042161684001,0.944741760108733,0.831306536951698,0.113435223157034,0.577981651376147,0.330275229357798,0.247706422018349
139,0.508422174033209,0.357359350451736,0.151062823581473,0.951346415222562,0.842316513761468,0.109029901461094,0.577981651376147,0.348623853211009,0.229357798165138
140,0.510604146440825,0.37591934614239,0.134684800298435,0.965681277607883,0.88247536527353,0.0832059123343527,0.614678899082569,0.477064220183486,0.137614678899083
141,0.37761426703255,0.375732252967444,0.00188201406510663,0.948362640163099,0.869266055045872,0.0790965851172274,0.577981651376147,0.467889908256881,0.110091743119266
142,0.506100242874258,0.393168065826256,0.112932177048003,0.94614339109752,0.870561501868841,0.0755818892286783,0.55045871559633,0.477064220183486,0.073394495412844
143,0.43683017529302,0.420423573619174,0.0164066016738463,0.965851172273191,0.906526078831125,0.0593250934420659,0.743119266055046,0.605504587155963,0.137614678899083
144,0.393422129763392,0.417691789898933,-0.0242696601355405,0.952110941216446,0.915764101257221,0.0363468399592253,0.577981651376147,0.596330275229358,-0.018348623853211
145,0.417087459842493,0.463410674742515,-0.0463232149000219,0.962612555215766,0.918758494733265,0.043854060482501,0.678899082568807,0.559633027522936,0.119266055045872
146,0.408339307961243,0.436059737522223,-0.0277204295609799,0.959873003737683,0.888315494393476,0.0715575093442066,0.660550458715596,0.504587155963303,0.155963302752294
147,0.26853982187715,0.404308697907502,-0.135768876030352,0.880149932042134,0.862810057764186,0.0173398742779477,0.311926605504587,0.376146788990826,-0.0642201834862385
148,0.45304053424114,0.386916614209522,0.0661239200316183,0.963791199456337,0.93416581719334,0.0296253822629969,0.623853211009174,0.63302752293578,-0.00917431192660545
149,0.343021765043926,0.375366415861822,-0.0323446508178961,0.956156557934081,0.937160210669385,0.0189963472646959,0.715596330275229,0.660550458715596,0.055045871559633
150,0.363421771442443,0.420969520704699,-0.0575477492622555,0.969768731865506,0.922634216785593,0.0471345150799131,0.770642201834862,0.605504587155963,0.165137614678899
151,0.344903289028814,0.352101313066686,-0.0071980240378719,0.959122717187233,0.915795956506966,0.0433267606802676,0.660550458715596,0.63302752293578,0.0275229357798166
152,0.398563193621068,0.278124211738877,0.12043898188219,0.870869435949711,0.813652073732719,0.0572173622169924,0.26605504587156,0.293577981651376,-0.0275229357798165
153,0.421663973425604,0.385763121394636,0.0359008520309688,0.853901206252124,0.779221882432892,0.0746793238192321,0.192660550458716,0.201834862385321,-0.00917431192660551
154,0.483354902539675,0.26607888609018,0.217276016449495,0.900367397213727,0.740954087728281,0.159413309485446,0.311926605504587,0.128440366972477,0.18348623853211
155,0.323516687859253,0.293743423790636,0.0297732640686171,0.868908943505718,0.821556579621096,0.0473523638846219,0.247706422018349,0.238532110091743,0.00917431192660551
156,0.402656363583639,0.340026673526505,0.0626296900571341,0.933964067278288,0.78207671957672,0.151887347701568,0.357798165137615,0.192660550458716,0.165137614678899
157,0.366423757149045,0.352627184403444,0.0137965727456006,0.920912271718723,0.829834442737669,0.0910778289810548,0.458715596330275,0.284403669724771,0.174311926605505
158,0.292028319825171,0.372549032699162,-0.0805207128739911,0.933358817533129,0.840512459464072,0.0928463580690571,0.568807339449541,0.339449541284404,0.229357798165138
159,0.389551279044678,0.316831223178801,0.0727200558658769,0.943057689025431,0.812926693975081,0.13013099505035,0.541284403669725,0.284403669724771,0.256880733944954
160,0.470712724857904,0.360854900565413,0.10985782429249,0.867142371729528,0.765424987199181,0.101717384530347,0.293577981651376,0.165137614678899,0.128440366972477
161,0.259209755909607,0.321248566206601,-0.062038810296994,0.920069551117938,0.866399082568807,0.0536704685491308,0.477064220183486,0.376146788990826,0.100917431192661
162,0.292556495112355,0.372837498785995,-0.0802810036736399,0.897934801160608,0.884662759089365,0.0132720420712431,0.412844036697248,0.36697247706422,0.0458715596330275
163,0.447818380410382,0.377612550197347,0.0702058302130352,0.91273785253143,0.782343696907917,0.130394155623513,0.467889908256881,0.146788990825688,0.321100917431193
164,0.239975997196372,0.234133640429581,0.00584235676679171,0.515616999487967,0.505298589874278,0.0103184096136892,0.018348623853211,0.00917431192660551,0.00917431192660551
165,0.232221132077932,0.218277016974931,0.0139441151030003,0.524114424057085,0.553326079535757,-0.0292116554786723,0.00917431192660551,0.018348623853211,-0.00917431192660551
166,0.318400043186018,0.369512860620735,-0.0511128174347167,0.51649040095141,0.538391790407919,-0.0219013894565093,0.00917431192660551,0,0.00917431192660551
167,0.27189260521457,0.395368586948066,-0.123475981733496,0.75297619047619,0.781020651988394,-0.0280444615122034,0.100917431192661,0.128440366972477,-0.0275229357798165
168,0.212535858424928,0.358484982108412,-0.145949123683485,0.672032343403311,0.698670574243969,-0.0266382308406575,0.036697247706422,0.0642201834862385,-0.0275229357798165
169,0.334464280817016,0.410462884290025,-0.0759986034730088,0.925925925925926,0.903669724770642,0.0222562011552837,0.541284403669725,0.486238532110092,0.055045871559633
170,0.297963056347555,0.388315503445551,-0.0903524470979959,0.932296975874958,0.922251953788651,0.0100450220863065,0.44954128440367,0.422018348623853,0.0275229357798165
171,0.380723572546908,0.483302300634972,-0.102578728088064,0.922846585117227,0.933815409446143,-0.0109688243289161,0.504587155963303,0.605504587155963,-0.100917431192661
172,0.331414435613285,0.369894130485551,-0.0384796948722658,0.819805470608223,0.726012996941896,0.0937924736663269,0.211009174311927,0.0642201834862385,0.146788990825688
173,0.285330531418779,0.273425288749722,0.0119052426690568,0.741050093872675,0.688833418672128,0.0522166752005462,0.0275229357798165,0.0275229357798165,0
174,0.278164381724962,0.309603086442154,-0.0314387047171914,0.637939494794334,0.662950220863065,-0.0250107260687313,0.00917431192660551,0.0275229357798165,-0.018348623853211
175,0.281502159691026,0.347740723848356,-0.0662385641573305,0.889058783554196,0.735219164118247,0.15383961943595,0.256880733944954,0.073394495412844,0.18348623853211
176,0.298265461759468,0.280521681674849,0.0177437800846184,0.920988362215426,0.846667520054617,0.0743208421608096,0.467889908256881,0.385321100917431,0.0825688073394495
177,0.448808570697648,0.326890481943159,0.121918088754489,0.745253029527223,0.740429955418381,0.00482307410884175,0.0642201834862385,0.128440366972477,-0.0642201834862385
178,0.256722879032161,0.372652638235416,-0.115929759203255,0.765190305512886,0.705084097859327,0.0601062076535589,0.100917431192661,0.036697247706422,0.0642201834862385
179,0.280618092250789,0.328482513851675,-0.0478644216008857,0.876376088069636,0.881112391193036,-0.0047363031233999,0.339449541284404,0.504587155963303,-0.165137614678899
180,0.319054586136867,0.298494829497057,0.0205597566398104,0.846988617057424,0.860908431472948,-0.0139198144155231,0.26605504587156,0.330275229357798,-0.0642201834862385
181,0.35055624774815,0.369354085717922,-0.0187978379697722,0.803976787847756,0.809747823860727,-0.00577103601297146,0.128440366972477,0.201834862385321,-0.073394495412844
182,0.400705296390164,0.314051607342646,0.0866536890475174,0.888634046890928,0.789533196791261,0.0991008500996663,0.302752293577982,0.192660550458716,0.110091743119266
183,0.335975016843897,0.361124164778766,-0.0251491479348684,0.894435910564943,0.82947175285885,0.0649641577060932,0.330275229357798,0.284403669724771,0.0458715596330275
184,0.326221044896344,0.369646881350655,-0.0434258364543112,0.842955282471411,0.817353643966547,0.0256016385048643,0.238532110091743,0.26605504587156,-0.0275229357798165
185,0.346145325068762,0.324886757738298,0.0212585673304637,0.893113159242191,0.816436251920123,0.0766769073220686,0.357798165137615,0.275229357798165,0.0825688073394495
186,0.359408834963972,0.369532483525823,-0.0101236485618514,0.934545144222564,0.819252432155658,0.115292712066906,0.623853211009174,0.256880733944954,0.36697247706422
187,0.421597615158253,0.375808857634,0.0457887575242531,0.892594716275909,0.723284063880394,0.169310652395515,0.36697247706422,0.155963302752294,0.211009174311927
188,0.253413274582425,0.362034220912863,-0.108620946330438,0.74831455879843,0.752506827103601,-0.0041922683051715,0.0917431192660551,0.128440366972477,-0.036697247706422
189,0.281529039409065,0.37532770000608,-0.0937986605970152,0.779292541389316,0.779115698267074,0.000176843122241199,0.119266055045872,0.165137614678899,-0.0458715596330275
190,0.50125386875429,0.422047902556025,0.0792059661982644,0.956082229018009,0.882284233775059,0.0737979952429494,0.660550458715596,0.44954128440367,0.211009174311927
191,0.509582791687884,0.397880017831258,0.111702773856626,0.95399040095141,0.913311247026843,0.0406791539245667,0.577981651376147,0.495412844036697,0.0825688073394495
192,0.503625436456654,0.441466271961084,0.0621591644955704,0.97068612391193,0.916942745497791,0.0537433784141389,0.761467889908257,0.55045871559633,0.211009174311927
193,0.376985091683962,0.307639780354997,0.0693453113289658,0.88030920829086,0.812201314217443,0.0681078940734164,0.412844036697248,0.311926605504587,0.100917431192661
194,0.278052475325763,0.324593990456402,-0.0465415151306389,0.845622119815668,0.845470183486238,0.000151936329429669,0.229357798165138,0.293577981651376,-0.0642201834862385
195,0.422980748853018,0.374193111593294,0.0487876372597237,0.956071855265404,0.902246856948692,0.0538249983167118,0.568807339449541,0.541284403669725,0.0275229357798166
196,0.35337800750133,0.330538988696352,0.022839018804978,0.912602406554019,0.837824287421062,0.0747781191329578,0.412844036697248,0.284403669724771,0.128440366972477
197,0.357094517491724,0.388425943947396,-0.0313314264556714,0.918896534148828,0.873058542413381,0.0458379917354467,0.504587155963303,0.394495412844037,0.110091743119266
198,0.343041737595532,0.355533688007784,-0.0124919504122518,0.942620327700973,0.799667178699437,0.142953149001536,0.63302752293578,0.174311926605505,0.458715596330275
199,0.33786979871884,0.341359655346866,-0.00348985662802637,0.925573903396484,0.833621351766513,0.091952551629971,0.532110091743119,0.321100917431193,0.211009174311927
200,0.340930947333668,0.303140384135796,0.0377905631978717,0.931872239211689,0.812329322409968,0.119542916801721,0.467889908256881,0.284403669724771,0.18348623853211
201,0.384290541684591,0.352580784473644,0.031709757210947,0.922241335372069,0.79560291858679,0.12663841678528,0.36697247706422,0.146788990825688,0.220183486238532
202,0.31663987603466,0.399230050050157,-0.0825901740154971,0.916005291005291,0.795389571599249,0.120615719406042,0.394495412844037,0.110091743119266,0.284403669724771
203,0.354290813199054,0.292305513261284,0.0619852999377702,0.893507851169141,0.77299880525687,0.120509045912272,0.311926605504587,0.146788990825688,0.165137614678899
204,0.283686655494961,0.320695450497202,-0.0370087950022409,0.696204557091654,0.720590117767537,-0.0243855606758833,0.0275229357798165,0.0642201834862385,-0.036697247706422
205,0.470188699465133,0.351451031709238,0.118737667755895,0.955487597689433,0.910911484879375,0.0445761128100578,0.522935779816514,0.504587155963303,0.018348623853211
206,0.367207496427266,0.326487130018562,0.0407203664087044,0.948807390339648,0.903690961603806,0.0451164287358428,0.577981651376147,0.495412844036697,0.0825688073394495
207,0.337494707886916,0.374061928182996,-0.0365672202960799,0.933592422697927,0.854315324498811,0.0792770981991165,0.477064220183486,0.486238532110092,-0.00917431192660551
208,0.415607545568551,0.316518276918967,0.0990892686495835,0.910959634749957,0.820920404349303,0.0900392304006539,0.376146788990826,0.238532110091743,0.137614678899083
209,0.377404567191789,0.412142775850766,-0.0347382086589773,0.918790349983011,0.875562776078831,0.0432275739041794,0.403669724770642,0.440366972477064,-0.036697247706422
210,0.297756332073276,0.338081344130238,-0.040325012056962,0.9351318484383,0.884790180088345,0.0503416683499548,0.495412844036697,0.541284403669725,-0.0458715596330275
211,0.372692764216436,0.354699862800149,0.0179929014162875,0.877973156642881,0.837251529051988,0.0407216275908937,0.321100917431193,0.321100917431193,0
212,0.299441259681844,0.453281926754598,-0.153840667072755,0.898841525857655,0.884025654094461,0.0148158717631934,0.431192660550459,0.376146788990826,0.055045871559633
213,0.34117666795944,0.324829175016414,0.0163474929430253,0.878914917221369,0.850620115528372,0.0282948016929965,0.321100917431193,0.385321100917431,-0.0642201834862385
214,0.362394336950336,0.311196206390789,0.0511981305595468,0.886926096603516,0.869074923547401,0.0178511730561154,0.348623853211009,0.403669724770642,-0.055045871559633
215,0.383404394448855,0.350297981378928,0.033106413069927,0.904476724430853,0.874487967229903,0.0299887572009502,0.376146788990826,0.422018348623853,-0.0458715596330275
216,0.293834349424651,0.391894870964695,-0.0980605215400438,0.697215851172273,0.705015787677078,-0.00779993650480482,0.073394495412844,0.0917431192660551,-0.018348623853211
217,0.320225485064162,0.366870241369037,-0.0466447563048752,0.854444017750469,0.82563150708312,0.0288125106673495,0.220183486238532,0.321100917431193,-0.100917431192661
218,0.352100556127986,0.40297247504108,-0.0508719189130935,0.926619303635433,0.869605844376487,0.0570134592589461,0.467889908256881,0.44954128440367,0.018348623853211
219,0.311528233810262,0.30328702920895,0.00824120460131195,0.805310206519884,0.758533879501621,0.0467763270182625,0.128440366972477,0.137614678899083,-0.00917431192660551
220,0.255509806771137,0.321906574012528,-0.0663967672413907,0.753413551800649,0.739137359836901,0.0142761919637475,0.110091743119266,0.100917431192661,0.00917431192660551
221,0.284238315089583,0.384145281237578,-0.0999069661479955,0.758341867212835,0.753005011892627,0.00533685532020833,0.0917431192660551,0.137614678899083,-0.0458715596330275
222,0.339922618871221,0.259013331742514,0.0809092871287073,0.873175883256528,0.798707117255504,0.074468766001024,0.247706422018349,0.26605504587156,-0.018348623853211
223,0.288384610527458,0.38111040587747,-0.0927257953500122,0.902180406212664,0.87691131498471,0.0252690912279547,0.44954128440367,0.36697247706422,0.0825688073394495
224,0.362565282780967,0.34438037411067,0.0181849086702969,0.929638163509131,0.906727828746177,0.0229103347629538,0.477064220183486,0.532110091743119,-0.055045871559633
225,0.316569549379176,0.280547549056446,0.0360220003227301,0.917456050520567,0.869879672299027,0.0475763782215395,0.403669724770642,0.44954128440367,-0.0458715596330275
226,0.347570090338212,0.317314677463442,0.0302554128747698,0.897978253482841,0.880098993002219,0.0178792604806218,0.458715596330275,0.412844036697248,0.0458715596330275
227,0.310922914338013,0.336845899904823,-0.0259229855668101,0.876985643900781,0.852385219320703,0.0246004245800783,0.293577981651376,0.348623853211009,-0.055045871559633
228,0.408270078895806,0.37979488712872,0.0284751917670861,0.927635490995583,0.885703363914373,0.0419321270812096,0.504587155963303,0.440366972477064,0.0642201834862385
229,0.312007395520003,0.289959858665542,0.0220475368544603,0.880888376856119,0.83363201911589,0.0472563577402286,0.229357798165138,0.321100917431193,-0.0917431192660551
230,0.415564152388777,0.435661340419837,-0.0200971880310598,0.952658303464755,0.881530326197757,0.0711279772669977,0.63302752293578,0.495412844036697,0.137614678899083
231,0.3281084003132,0.358505830372107,-0.0303974300589063,0.743631592421915,0.736260454002389,0.00737113841952552,0.0642201834862385,0.073394495412844,-0.00917431192660551
232,0.293275898891534,0.331643840565949,-0.0383679416744149,0.805918245434375,0.783719491380782,0.0221987540535928,0.165137614678899,0.192660550458716,-0.0275229357798165
233,0.245621332145544,0.374178665868021,-0.128557333722476,0.718296637651476,0.748555895344886,-0.0302592576934099,0.036697247706422,0.128440366972477,-0.0917431192660551
234,0.362679493781664,0.302369011756034,0.0603104820256301,0.766982420208227,0.748439092762487,0.0185433274457395,0.110091743119266,0.155963302752294,-0.0458715596330275
235,0.243481732831509,0.380268351035552,-0.136786618204043,0.774342891278375,0.78247141150367,-0.00812852022529442,0.0825688073394495,0.137614678899083,-0.055045871559633
236,0.36870000015844,0.355587149133788,0.0131128510246519,0.88197629969419,0.827327615634067,0.0546486840601224,0.238532110091743,0.256880733944954,-0.018348623853211
237,0.344031860796889,0.396691495700153,-0.0526596349032645,0.854846245327897,0.820255162997098,0.0345910823307982,0.321100917431193,0.284403669724771,0.036697247706422
238,0.409260803478454,0.347192346691037,0.0620684567874166,0.83528712198437,0.802327556914713,0.0329595650696568,0.220183486238532,0.201834862385321,0.018348623853211
239,0.284300605481372,0.372100125380448,-0.0877995198990759,0.812926693975081,0.81015332993544,0.00277336403964112,0.192660550458716,0.26605504587156,-0.073394495412844
240,0.289437895531943,0.349302828118105,-0.0598649325861618,0.856908175456563,0.860940433521079,-0.00403225806451613,0.302752293577982,0.403669724770642,-0.100917431192661
241,0.25179590762711,0.356677517483426,-0.104881609856316,0.816308243727599,0.799269452939178,0.0170387907884209,0.155963302752294,0.284403669724771,-0.128440366972477
242,0.369742793976654,0.357998287302677,0.0117445066739775,0.920648572884811,0.910762827047231,0.00988574583758073,0.486238532110092,0.614678899082569,-0.128440366972477
243,0.432714325449177,0.336714130667606,0.0960001947815711,0.964725620115528,0.928824753652735,0.0359008664627931,0.706422018348624,0.697247706422018,0.00917431192660545
244,0.399432127923697,0.416034334002904,-0.0166022060792073,0.925341913013931,0.90217252803262,0.0231693849813115,0.477064220183486,0.44954128440367,0.0275229357798165
245,0.341440815788768,0.326677222099211,0.0147635936895568,0.749607118586476,0.73993374108053,0.00967337750594621,0.119266055045872,0.110091743119266,0.00917431192660551
246,0.442287455011305,0.381671867679373,0.060615587331932,0.902342422697927,0.903748506571087,-0.00140608387315988,0.44954128440367,0.394495412844037,0.055045871559633
247,0.443489046920171,0.400616340689026,0.0428727062311456,0.965914882772681,0.942235813795447,0.023679068977234,0.770642201834862,0.706422018348624,0.0642201834862386
248,0.41874773085693,0.397971294257205,0.0207764365997251,0.955912334352701,0.924694189602447,0.0312181447502548,0.752293577981651,0.614678899082569,0.137614678899083
249,0.390471478729403,0.399953526915259,-0.00948204818585607,0.964661909616038,0.946759259259259,0.0179026503567787,0.81651376146789,0.688073394495413,0.128440366972477
250,0.462296989740577,0.348247348558068,0.114049641182509,0.963111620795107,0.921774125042474,0.0413374957526333,0.752293577981651,0.614678899082569,0.137614678899083
251,0.462230109763685,0.373168645713197,0.0890614640504876,0.942065919130139,0.946079680598029,-0.00401376146789001,0.688073394495413,0.73394495412844,-0.0458715596330276
252,0.389271270510401,0.383725452757357,0.00554581775304375,0.935503737682637,0.907938328236493,0.0275654094461434,0.587155963302752,0.541284403669725,0.0458715596330276
253,0.474862030553721,0.413745028314773,0.0611170022389472,0.976766904519198,0.938126486578321,0.0386404179408767,0.761467889908257,0.669724770642202,0.0917431192660551
254,0.520043161861557,0.434399509561154,0.0856436523004033,0.966700645599728,0.94009089364594,0.0266097519537886,0.669724770642202,0.642201834862385,0.0275229357798165
255,0.361438456272584,0.419184012106977,-0.0577455558343934,0.965851172273191,0.941062894691927,0.0247882775812637,0.798165137614679,0.63302752293578,0.165137614678899
256,0.48647540598889,0.353161254635283,0.133314151353607,0.957313965341488,0.913205062861026,0.0441089024804621,0.651376146788991,0.55045871559633,0.100917431192661
257,0.328708310388382,0.364876900942645,-0.0361685905542623,0.922294427454978,0.906319337770951,0.0159750896840273,0.623853211009174,0.596330275229358,0.0275229357798166
258,0.389135157901927,0.381043157312658,0.00809200058926945,0.952471967380224,0.915706605222734,0.0367653621574899,0.596330275229358,0.568807339449541,0.0275229357798165
259,0.494194334508378,0.428458305176326,0.0657360293320519,0.965277777777778,0.892509768943255,0.0727680088345226,0.596330275229358,0.44954128440367,0.146788990825688
260,0.47744179566735,0.364364425290715,0.113077370376635,0.951208375807,0.864094886170574,0.0871134896364254,0.541284403669725,0.321100917431193,0.220183486238532
261,0.470612251985499,0.452636416225705,0.0179758357597932,0.965033554196398,0.937245158002039,0.0277883961943595,0.73394495412844,0.577981651376147,0.155963302752294
262,0.474251033165449,0.401410893180363,0.0728401399850865,0.970141012572205,0.943000339789331,0.0271406727828746,0.706422018348624,0.651376146788991,0.055045871559633
263,0.397124817797826,0.448514161364683,-0.0513893435668568,0.952807646356033,0.940536867142372,0.0122707792136617,0.697247706422018,0.642201834862385,0.055045871559633
264,0.372664249600639,0.34929884722461,0.0233654023760292,0.953448861705742,0.931957186544342,0.0214916751613999,0.660550458715596,0.715596330275229,-0.055045871559633
265,0.415918705610187,0.451179789521227,-0.0352610839110409,0.939889143730887,0.932169554875977,0.00771958885490998,0.63302752293578,0.642201834862385,-0.00917431192660556
266,0.391556632607787,0.377125763027042,0.0144308695807451,0.945782364933741,0.949371389738362,-0.00358902480462109,0.669724770642202,0.63302752293578,0.036697247706422
267,0.417285372256637,0.357640786016992,0.0596445862396446,0.96297363031234,0.939432551817873,0.0235410784944671,0.697247706422018,0.660550458715596,0.036697247706422
268,0.259713886841178,0.252384553949349,0.00732933289182902,0.731598822324629,0.69897762345679,0.0326211988678387,0.073394495412844,0.036697247706422,0.036697247706422
269,0.41639252888795,0.356555977987167,0.0598365509007831,0.887678389398573,0.849133537206932,0.0385448521916412,0.275229357798165,0.229357798165138,0.0458715596330275
270,0.389849126607672,0.325565612872272,0.0642835137354001,0.769336136595311,0.712941628264209,0.0563945083311019,0.0917431192660551,0.0917431192660551,0
271,0.416960084212833,0.409923468241829,0.00703661597100386,0.902278712198437,0.871799795186892,0.0304789170115449,0.36697247706422,0.348623853211009,0.018348623853211
272,0.384897445328341,0.380264627143985,0.00463281818435562,0.859295361875637,0.853611964499061,0.00568339737657586,0.238532110091743,0.201834862385321,0.036697247706422
273,0.233818445586549,0.299621360958532,-0.0658029153719823,0.499458460754332,0.49493501529052,0.00452344546381245,0,0,0
274,0.25684756767175,0.329147174163717,-0.0722996064919675,0.845963474995733,0.82947175285885,0.0164917221368834,0.201834862385321,0.293577981651376,-0.0917431192660551
275,0.473684367138775,0.444439329945052,0.0292450371937226,0.953799269452939,0.888251783893986,0.0655474855589534,0.568807339449541,0.357798165137615,0.211009174311927
276,0.368107484045761,0.367928847763936,0.000178636281825906,0.933137054104796,0.88642541624193,0.046711637862866,0.532110091743119,0.495412844036697,0.036697247706422
277,0.444259568387803,0.411006044377965,0.0332535240098388,0.958481991165477,0.906727828746177,0.0517541624193,0.660550458715596,0.559633027522936,0.100917431192661
278,0.51871860158558,0.433586368502161,0.0851322330834191,0.958333333333333,0.927263846415223,0.0310694869181108,0.55045871559633,0.541284403669725,0.00917431192660556
279,0.216216191136774,0.316519261875554,-0.10030307073878,0.833781362007168,0.805608892302441,0.0281724697047278,0.174311926605505,0.26605504587156,-0.0917431192660551
280,0.302823407689239,0.336990418144568,-0.0341670104553292,0.830837173579109,0.791868416581719,0.0389687569973897,0.146788990825688,0.220183486238532,-0.073394495412844
281,0.40111205195358,0.343542343500695,0.0575697084528852,0.786663679808841,0.75760582010582,0.029057859703021,0.110091743119266,0.110091743119266,0
282,0.290513436226844,0.381277109404166,-0.0907636731773212,0.714136371394436,0.715683137054105,-0.00154676565966894,0.0458715596330275,0.0458715596330275,0
283,0.305726284462686,0.256860184985565,0.048866099477121,0.739545997610514,0.717389912954429,0.0221560846560847,0.036697247706422,0.036697247706422,0
284,0.336683044418768,0.356585697716694,-0.0199026532979263,0.834389400921659,0.776142541624193,0.058246859297466,0.192660550458716,0.0917431192660551,0.100917431192661
285,0.390259418592605,0.331426438315997,0.0588329802766082,0.868979357798165,0.819401970778118,0.0495773870200475,0.293577981651376,0.247706422018349,0.0458715596330275
286,0.248133962883794,0.420248387548897,-0.172114424665103,0.730830773169483,0.766715736473801,-0.0358849633043181,0.0825688073394495,0.119266055045872,-0.036697247706422
287,0.166929430848455,0.27826993720822,-0.111340506359765,0.727097200887523,0.653769841269841,0.0733273596176822,0.0458715596330275,0.018348623853211,0.0275229357798165
288,0.368848956152147,0.329537164147647,0.0393117920044999,0.901630988786952,0.874850657108722,0.0267803316782305,0.339449541284404,0.412844036697248,-0.073394495412844
289,0.25910110528785,0.292562368157197,-0.0334612628693474,0.817823007339136,0.835828661230037,-0.018005653890901,0.302752293577982,0.256880733944954,0.0458715596330275
290,0.266566327327624,0.327512234965352,-0.0609459076377276,0.595195425840587,0.631400409626216,-0.036204983785629,0,0,0
291,0.295009637189685,0.365949476967016,-0.0709398397773318,0.903151135005974,0.870880054366293,0.0322710806396808,0.403669724770642,0.412844036697248,-0.00917431192660551
292,0.351141741870312,0.378496944704688,-0.0273552028343763,0.688404392764858,0.695166496772001,-0.0067621040071435,0.0458715596330275,0.055045871559633,-0.00917431192660551
293,0.304715917325921,0.320478657490291,-0.0157627401643702,0.810750554702168,0.81558995922528,-0.00483940452311271,0.146788990825688,0.229357798165138,-0.0825688073394495
294,0.327714603344783,0.445587401080947,-0.117872797736164,0.772796125618706,0.786856523955148,-0.0140603983364416,0.119266055045872,0.155963302752294,-0.036697247706422
295,0.32382174170156,0.375475655208514,-0.0516539135069538,0.788519798600444,0.762232415902141,0.0262873826983031,0.146788990825688,0.100917431192661,0.0458715596330275
296,0.33283602970439,0.421792680956579,-0.0889566512521885,0.86357458375807,0.852918586789555,0.0106559969685154,0.321100917431193,0.26605504587156,0.055045871559633
297,0.31686668131766,0.383710379725431,-0.0668436984077711,0.93463048301758,0.881211773700306,0.053418709317274,0.440366972477064,0.357798165137615,0.0825688073394495
298,0.304772416690682,0.356107405746704,-0.0513349890560223,0.641150611620795,0.668917770981991,-0.027767159361196,0.0275229357798165,0.0458715596330275,-0.018348623853211
299,0.359612920440201,0.413132669343695,-0.0535197489034949,0.702270217465172,0.721616972477064,-0.0193467550118926,0.036697247706422,0.055045871559633,-0.018348623853211
300,0.291631504573797,0.418862114511337,-0.12723060993754,0.671776327018263,0.700751783893986,-0.0289754568757232,0.00917431192660551,0.0825688073394495,-0.073394495412844
301,0.293458549875299,0.389038363153197,-0.0955798132778981,0.789319849803721,0.791082653754672,-0.00176280395095141,0.128440366972477,0.146788990825688,-0.018348623853211
302,0.342650367288722,0.478470728842192,-0.13582036155347,0.729433350401092,0.680990910635406,0.0484424397656863,0.055045871559633,0.0458715596330275,0.00917431192660551
303,0.227148799790942,0.410320112707954,-0.183171312917012,0.838773681515617,0.713048301757979,0.125725379757638,0.155963302752294,0.0825688073394495,0.073394495412844
304,0.283924531416899,0.295179448128009,-0.0112549167111096,0.785138248847926,0.716461853558628,0.0686763952892985,0.110091743119266,0.073394495412844,0.036697247706422
305,0.281243609091609,0.389477356747833,-0.108233747656224,0.898638846219491,0.771916411824669,0.126722434394823,0.302752293577982,0.073394495412844,0.229357798165138
306,0.375329628403067,0.369963846118937,0.00536578228413037,0.836890502888209,0.80070293917771,0.0361875637104995,0.165137614678899,0.146788990825688,0.018348623853211
307,0.326287969166278,0.325526016309427,0.000761952856851211,0.882232462877624,0.806617397213727,0.0756150656638966,0.256880733944954,0.220183486238532,0.036697247706422
308,0.222954088495997,0.395189033666595,-0.172234945170598,0.913135774022871,0.80607825567503,0.107057518347841,0.36697247706422,0.110091743119266,0.256880733944954
309,0.31743362623436,0.396307444645982,-0.0788738184116221,0.952988991295443,0.85591870540265,0.0970702858927925,0.559633027522936,0.330275229357798,0.229357798165138
310,0.399002004061929,0.395034125734923,0.00396787832700563,0.929147465437788,0.900921658986175,0.0282258064516129,0.486238532110092,0.467889908256881,0.018348623853211
311,0.22343112498768,0.425695495142147,-0.202264370154467,0.815060163850486,0.776604369346305,0.0384557945041816,0.211009174311927,0.18348623853211,0.0275229357798165
312,0.238293778445637,0.4394756087549,-0.201181830309262,0.833194657791432,0.808681088923024,0.0245135688684076,0.128440366972477,0.220183486238532,-0.0917431192660551
313,0.385767151478722,0.452858966626958,-0.0670918151482366,0.890587835541964,0.873715171593612,0.016872663948352,0.247706422018349,0.311926605504587,-0.0642201834862385
314,0.354292022428776,0.418033067352843,-0.0637410449240666,0.667914746543779,0.650866462793068,0.0170482837507105,0.018348623853211,0.0458715596330275,-0.0275229357798165
315,0.441547709273437,0.408418613322631,0.0331290959508058,0.830719832735962,0.71279228537293,0.117927547363031,0.137614678899083,0.0642201834862385,0.073394495412844
316,0.433237098325165,0.41249475304627,0.0207423452788956,0.906175671083928,0.835008107185527,0.0711675638984014,0.26605504587156,0.165137614678899,0.100917431192661
317,0.460886138503682,0.485706311370217,-0.0248201728665349,0.935609921848454,0.906069486918111,0.0295404349303432,0.348623853211009,0.422018348623853,-0.073394495412844
318,0.337324478674775,0.33283280566907,0.00449167300570535,0.926811315924219,0.816148233486943,0.110663082437276,0.422018348623853,0.238532110091743,0.18348623853211
319,0.339309644132653,0.340707976671549,-0.00139833253889593,0.951399556238266,0.853558627752176,0.0978409284860897,0.504587155963303,0.302752293577982,0.201834862385321
320,0.431577608234244,0.335277030692288,0.0963005775419561,0.945383171189623,0.867564857484212,0.0778183137054105,0.477064220183486,0.412844036697248,0.0642201834862385
321,0.282285113281168,0.331740020056481,-0.0494549067753131,0.939836051647978,0.864492660863629,0.0753433907843496,0.486238532110092,0.311926605504587,0.174311926605505
322,0.404810161706929,0.401166917910345,0.00364324379658415,0.939135236153585,0.875817618076792,0.0633176180767924,0.568807339449541,0.458715596330275,0.110091743119266
323,0.341488000130771,0.446755908535455,-0.105267908404684,0.953937308868501,0.914458036017669,0.0394792728508324,0.669724770642202,0.568807339449541,0.100917431192661
324,0.394272566383091,0.459817454776121,-0.0655448883930295,0.950847349643221,0.913523615358478,0.0373237342847434,0.559633027522936,0.495412844036697,0.0642201834862385
325,0.381721730905478,0.493349390411566,-0.111627659506088,0.95429833503228,0.910677879714577,0.0436204553177031,0.779816513761468,0.587155963302752,0.192660550458716
326,0.417930378937939,0.504928731074732,-0.0869983521367923,0.957037886510364,0.893943255181787,0.0630946313285763,0.688073394495413,0.495412844036697,0.192660550458716
327,0.411462605189392,0.395427761399289,0.0160348437901032,0.897309293238192,0.854240995582739,0.0430682976554536,0.26605504587156,0.321100917431193,-0.055045871559633
328,0.372316178393989,0.377067855969485,-0.00475167757549577,0.942448182127081,0.924453831711896,0.017994350415185,0.513761467889908,0.596330275229358,-0.0825688073394495
329,0.325808928694474,0.406804622539147,-0.0809956938446726,0.932509344206592,0.922814729867482,0.00969461433910979,0.541284403669725,0.587155963302752,-0.0458715596330276
330,0.396044404397481,0.420455436339432,-0.0244110319419503,0.95389571599249,0.914139483520217,0.0397562324722728,0.660550458715596,0.532110091743119,0.128440366972477
331,0.36974878536124,0.463074429942681,-0.0933256445814409,0.949810121181089,0.91458545701665,0.0352246641644391,0.614678899082569,0.559633027522936,0.055045871559633
332,0.323190706010857,0.276119785823131,0.0470709201877254,0.870093019286568,0.820361836490869,0.0497311827956989,0.302752293577982,0.293577981651376,0.00917431192660551
333,0.440831992743647,0.400028791872491,0.0408032008711558,0.860385731353473,0.781409276248726,0.0789764551047475,0.174311926605505,0.165137614678899,0.00917431192660551
334,0.449131457203728,0.326445742319267,0.122685714884461,0.880818892286782,0.737615207373272,0.14320368491351,0.321100917431193,0.0825688073394495,0.238532110091743
335,0.350155778408478,0.341751244710493,0.00840453369798527,0.873542524005487,0.814379459734964,0.0591630642705226,0.238532110091743,0.165137614678899,0.073394495412844
336,0.36404182982809,0.348572592163848,0.0154692376642418,0.908363064899762,0.783698156682028,0.124664908217734,0.422018348623853,0.155963302752294,0.26605504587156
337,0.3973197592409,0.308233094801393,0.0890866644395065,0.921979006656426,0.810942566990954,0.111036439665472,0.376146788990826,0.229357798165138,0.146788990825688
338,0.304248526948795,0.346909707441445,-0.0426611804926506,0.94578853046595,0.852982590885817,0.0928059395801331,0.577981651376147,0.376146788990826,0.201834862385321
339,0.300571409994145,0.27632924092306,0.0242421690710846,0.943711773700306,0.818335040109234,0.125376733591072,0.486238532110092,0.293577981651376,0.192660550458716
340,0.410081351543449,0.393406822171228,0.0166745293722216,0.86567703024125,0.783154121863799,0.0825229083774511,0.256880733944954,0.137614678899083,0.119266055045872
341,0.336844185063012,0.418186005901445,-0.0813418208384338,0.928187403993856,0.891819571865443,0.0363678321284121,0.394495412844037,0.394495412844037,0
342,0.427296769679182,0.468725985791657,-0.0414292161124746,0.913056405028882,0.898987003058104,0.0140694019707781,0.36697247706422,0.422018348623853,-0.055045871559633
343,0.405756064872058,0.375370788397086,0.030385276474972,0.925648574842123,0.789861535847774,0.135787038994349,0.486238532110092,0.201834862385321,0.284403669724771
344,0.248437367271925,0.295509653582063,-0.0470722863101374,0.512011435398532,0.502132630315501,0.00987880508303152,0,0.00917431192660551,-0.00917431192660551
345,0.205124406528322,0.288135943082315,-0.0830115365539934,0.541399982932241,0.571908602150538,-0.0305086192182966,0.00917431192660551,0.018348623853211,-0.00917431192660551
346,0.276578856519656,0.380867388892933,-0.104288532373277,0.531069486918111,0.506869772998805,0.0241997139193054,0,0.018348623853211,-0.018348623853211
347,0.340576666370251,0.308925938632139,0.0316507277381118,0.728483956306537,0.748357228195938,-0.0198732718894009,0.0825688073394495,0.0917431192660551,-0.00917431192660551
348,0.223515384211066,0.376685029834091,-0.153169645623025,0.690508192524322,0.73449711179069,-0.0439889192663682,0.0275229357798165,0.0458715596330275,-0.018348623853211
349,0.440887267999098,0.427298519305765,0.0135887486933332,0.956422018348624,0.921742269792729,0.0346797485558953,0.642201834862385,0.541284403669725,0.100917431192661
350,0.322021986082917,0.383767850265695,-0.0617458641827777,0.94552752293578,0.932137699626232,0.0133898233095481,0.596330275229358,0.577981651376147,0.018348623853211
351,0.39185760728706,0.446362077019995,-0.054504469732935,0.932902225620115,0.928134556574923,0.00476766904519199,0.559633027522936,0.504587155963303,0.055045871559633
352,0.286522456141471,0.404404838089701,-0.11788238194823,0.747406550068587,0.680203533026114,0.0672030170424734,0.0825688073394495,0.055045871559633,0.0275229357798165
353,0.290349392568925,0.320774321083791,-0.0304249285148666,0.731534818228367,0.728622631848438,0.00291218637992829,0.055045871559633,0.055045871559633,0
354,0.291549768968128,0.325536002136398,-0.0339862331682701,0.720682551817873,0.711085509472606,0.00959704234526659,0.018348623853211,0.0825688073394495,-0.0642201834862385
355,0.274028759178599,0.367108582322759,-0.0930798231441605,0.883165562351342,0.731980547060822,0.15118501529052,0.256880733944954,0.0825688073394495,0.174311926605505
356,0.146807112326438,0.363214302972482,-0.216407190646044,0.824255419013484,0.793461179068977,0.0307942399445063,0.211009174311927,0.18348623853211,0.0275229357798165
357,0.359778309184332,0.355211682729838,0.00456662645449352,0.735866887529732,0.737729338134431,-0.00186245060469914,0.0642201834862385,0.119266055045872,-0.055045871559633
358,0.258917842063812,0.355910062237329,-0.0969922201735171,0.714531063321386,0.6922363031234,0.022294760197986,0.018348623853211,0.0275229357798165,-0.00917431192660551
359,0.330696514490308,0.389324288422524,-0.0586277739322165,0.882947175285885,0.897691556235134,-0.0147443809492492,0.339449541284404,0.495412844036697,-0.155963302752294
360,0.357512866536149,0.359950972466475,-0.00243810593032523,0.865292712066906,0.855812521236833,0.00948019083007245,0.311926605504587,0.36697247706422,-0.055045871559633
361,0.387885678811901,0.291393822470954,0.0964918563409474,0.579389574759945,0.554424816521591,0.0249647582383544,0,0,0
362,0.253330894195325,0.313664213858098,-0.0603333196627728,0.561155913978495,0.543546126401631,0.0176097875768636,0,0.00917431192660551,-0.00917431192660551
363,0.240825166709276,0.395127888736148,-0.154302722026871,0.591547192353644,0.580084097859327,0.0114630944943167,0,0.00917431192660551,-0.00917431192660551
364,0.25114614968986,0.366340503844651,-0.115194354154792,0.597574244751664,0.592174639917695,0.00539960483396862,0.00917431192660551,0,0.00917431192660551
365,0.353921358364274,0.353297841976334,0.000623516387939838,0.693159616038056,0.679493713897384,0.0136659021406728,0.036697247706422,0.0275229357798165,0.00917431192660551
366,0.353095048174831,0.370299446145933,-0.0172043979711028,0.701983520217465,0.696430088345226,0.00555343187223922,0.0642201834862385,0.0275229357798165,0.036697247706422
367,0.888732941158677,0.887506888568363,0.00122605259031383,0.506699095408773,0.508491210104113,-0.00179211469534057,0,0,0
368,0.401527724656284,0.351183731700497,0.0503439929557866,0.728476469588855,0.69416836561332,0.0343081039755352,0.036697247706422,0.0825688073394495,-0.0458715596330275
369,0.273029221422122,0.318155720130722,-0.0451264987086004,0.562243983614951,0.557562436289501,0.00468154732545079,0,0,0
370,0.315872269918508,0.303794214616914,0.0120780553015946,0.566916282642089,0.563094631328576,0.00382165131351275,0,0,0
371,0.291289914907002,0.396717073305199,-0.105427158398196,0.650749660210669,0.671657322460075,-0.0209076622494053,0,0.0275229357798165,-0.0275229357798165
372,0.306213136022218,0.407958404257513,-0.101745268235295,0.679190134835296,0.689676139272913,-0.0104860044376174,0.00917431192660551,0.036697247706422,-0.0275229357798165
373,0.238973784916189,0.303253972602484,-0.064280187686295,0.522687328532236,0.525740314046766,-0.0030529855145297,0,0.00917431192660551,-0.00917431192660551
374,0.234361359396418,0.313610143594419,-0.0792487841980007,0.525409626216078,0.53358081583888,-0.00817118962280261,0,0,0
375,0.238034793370548,0.33205544762098,-0.0940206542504316,0.604433350401092,0.5907874617737,0.013645888627392,0.00917431192660551,0,0.00917431192660551
376,0.252996321452165,0.303339457654927,-0.0503431362027619,0.611537805086192,0.605596091483188,0.00594171360300388,0,0.00917431192660551,-0.00917431192660551
377,0.843578855699784,0.857382390847086,-0.0138035351473021,0.523617511520737,0.518710530807305,0.00490698071343232,0,0,0
378,0.835620667321892,0.866748162043946,-0.0311274947220542,0.533730158730159,0.523233486943164,0.0104966717869943,0,0,0
379,0.870132430301005,0.856093820192033,0.014038610108972,0.505664362519201,0.502208141321045,0.00345622119815658,0,0,0
